id,name,notes
1,Alice,Alice is a senior software engineer at Acme Corp. She lives in New York and is an expert in cloud computing.
2,Bob,Bob is a project manager at Globex Corporation. He is interested in machine learning and previously worked at Stark Industries. Bob lives in San Francisco.
3,Charlie,Charlie is a data scientist from Chicago. He is a fan of the Giants and works for the tech division of Wayne Enterprises.
4,Diana,Diana is the lead designer at Cyberdyne Systems and lives in Los Angeles. She frequently collaborates with engineers from Stark Industries.
5,Ethan,Ethan is a marketing specialist at Oscorp. He organized a tech conference in Austin last year.
6,Fiona,Fiona is a legal counsel for Umbrella Corporation and is based in London. She has a background in intellectual property.
7,George,George is a junior developer at InGen. He lives in San Diego and contributes to open-source projects.
8,Hannah,Hannah is a product manager at Weyland-Yutani Corp. She attended a leadership summit in Berlin.
9,Ian,Ian is a cybersecurity analyst for Blue Sun Corporation. He lives in Seattle and is an expert on network security.
10,Jane,Jane is a data analyst at Tyrell Corporation. She is from Boston and has experience with data visualization.
11,Kevin,Kevin works as a financial analyst at Virtucon. He lives in Miami and is a CFA charterholder.
12,Laura,Laura is a UX researcher at Omni Consumer Products. She is based in Detroit and focuses on user-centric design.
13,Michael,Michael is a senior executive at Hooli, living in Palo Alto. He previously held a position at Globex Corporation.
14,Nora,Nora is a QA engineer at Buy n Large. She is from Portland and is an advocate for test automation.
15,Oscar,Oscar is a systems administrator at Massive Dynamic. He lives in Houston and is certified in network infrastructure.
16,Penny,Penny is a human resources manager at Veridian Dynamics. She is based in Denver and focuses on talent acquisition.
17,Quentin,Quentin is a research scientist at Aperture Science. He lives in Minneapolis and specializes in quantum physics.
18,Rachel,Rachel is a technical writer at Sirius Cybernetics Corporation. She is from Atlanta and creates documentation for complex systems.
19,Steve,Steve works in logistics for the Zorin Corporation in Philadelphia. He has optimized supply chains for various industries.
20,Tina,Tina is a business development manager at Rekall, based in Toronto. She is focused on market expansion.
